{
  "version": 1,
  "author": "Anonymous maker",
  "editor": "wokwi",
  "parts": [
    { "type": "wokwi-breadboard", "id": "bb1", "top": -108.6, "left": -160.4, "attrs": {} },
    { "type": "wokwi-arduino-uno", "id": "uno", "top": 135, "left": -19.8, "attrs": {} },
    { "type": "wokwi-led", "id": "led1", "top": -32.4, "left": -5.8, "attrs": { "color": "red" } },
    { "type": "wokwi-led", "id": "led2", "top": -32.4, "left": 23, "attrs": { "color": "red" } },
    { "type": "wokwi-led", "id": "led3", "top": -32.4, "left": 51.8, "attrs": { "color": "red" } },
    { "type": "wokwi-led", "id": "led4", "top": -32.4, "left": 80.6, "attrs": { "color": "red" } },
    {
      "type": "wokwi-led",
      "id": "led5",
      "top": -32.4,
      "left": 109.4,
      "attrs": { "color": "red" }
    },
    {
      "type": "wokwi-led",
      "id": "led6",
      "top": -32.4,
      "left": 138.2,
      "attrs": { "color": "red" }
    },
    {
      "type": "wokwi-resistor",
      "id": "r1",
      "top": 52.8,
      "left": -19.75,
      "rotate": 90,
      "attrs": { "value": "1000" }
    },
    {
      "type": "wokwi-resistor",
      "id": "r2",
      "top": 52.8,
      "left": 9.05,
      "rotate": 90,
      "attrs": { "value": "1000" }
    },
    {
      "type": "wokwi-resistor",
      "id": "r3",
      "top": 52.8,
      "left": 37.85,
      "rotate": 90,
      "attrs": { "value": "1000" }
    },
    {
      "type": "wokwi-resistor",
      "id": "r4",
      "top": 52.8,
      "left": 66.65,
      "rotate": 90,
      "attrs": { "value": "1000" }
    },
    {
      "type": "wokwi-resistor",
      "id": "r5",
      "top": 52.8,
      "left": 95.45,
      "rotate": 90,
      "attrs": { "value": "1000" }
    },
    {
      "type": "wokwi-resistor",
      "id": "r6",
      "top": 52.8,
      "left": 124.25,
      "rotate": 90,
      "attrs": { "value": "1000" }
    }
  ],
  "connections": [
    [ "led1:A", "bb1:17b.f", "", [ "$bb" ] ],
    [ "led1:C", "bb1:16b.f", "", [ "$bb" ] ],
    [ "led2:A", "bb1:20b.f", "", [ "$bb" ] ],
    [ "led2:C", "bb1:19b.f", "", [ "$bb" ] ],
    [ "led3:A", "bb1:23b.f", "", [ "$bb" ] ],
    [ "led3:C", "bb1:22b.f", "", [ "$bb" ] ],
    [ "led4:A", "bb1:26b.f", "", [ "$bb" ] ],
    [ "led4:C", "bb1:25b.f", "", [ "$bb" ] ],
    [ "led5:A", "bb1:29b.f", "", [ "$bb" ] ],
    [ "led5:C", "bb1:28b.f", "", [ "$bb" ] ],
    [ "led6:A", "bb1:32b.f", "", [ "$bb" ] ],
    [ "led6:C", "bb1:31b.f", "", [ "$bb" ] ],
    [ "r1:1", "bb1:16b.h", "", [ "$bb" ] ],
    [ "r1:2", "bb1:bn.12", "", [ "$bb" ] ],
    [ "r2:1", "bb1:19b.h", "", [ "$bb" ] ],
    [ "r2:2", "bb1:bn.15", "", [ "$bb" ] ],
    [ "r3:1", "bb1:22b.h", "", [ "$bb" ] ],
    [ "r3:2", "bb1:bn.17", "", [ "$bb" ] ],
    [ "r4:1", "bb1:25b.h", "", [ "$bb" ] ],
    [ "r4:2", "bb1:bn.20", "", [ "$bb" ] ],
    [ "r5:1", "bb1:28b.h", "", [ "$bb" ] ],
    [ "r5:2", "bb1:bn.22", "", [ "$bb" ] ],
    [ "r6:1", "bb1:31b.h", "", [ "$bb" ] ],
    [ "r6:2", "bb1:bn.25", "", [ "$bb" ] ],
    [ "uno:GND.1", "bb1:bn.18", "black", [ "v0" ] ],
    [ "uno:1", "led6:A", "green", [ "v-134.4", "h-63" ] ],
    [ "uno:2", "led5:A", "green", [ "v0" ] ],
    [ "uno:3", "led4:A", "green", [ "v0" ] ],
    [ "uno:4", "led3:A", "green", [ "v0" ] ],
    [ "uno:5", "led2:A", "green", [ "v0" ] ],
    [ "uno:6", "led1:A", "green", [ "v0" ] ]
  ],
  "dependencies": {}
}