{
  "version": 1,
  "author": "Anonymous maker",
  "editor": "wokwi",
  "parts": [
    { "type": "wokwi-breadboard", "id": "bb1", "top": -166.2, "left": -150.8, "attrs": {} },
    { "type": "wokwi-arduino-uno", "id": "uno", "top": 77.4, "left": -29.4, "attrs": {} },
    { "type": "wokwi-led", "id": "led1", "top": -90, "left": 3.8, "attrs": { "color": "red" } },
    { "type": "wokwi-led", "id": "led2", "top": -90, "left": 32.6, "attrs": { "color": "red" } },
    { "type": "wokwi-led", "id": "led3", "top": -90, "left": 61.4, "attrs": { "color": "red" } },
    { "type": "wokwi-led", "id": "led4", "top": -90, "left": 90.2, "attrs": { "color": "red" } },
    { "type": "wokwi-led", "id": "led5", "top": -90, "left": 119, "attrs": { "color": "red" } },
    { "type": "wokwi-led", "id": "led6", "top": -90, "left": 147.8, "attrs": { "color": "red" } },
    {
      "type": "wokwi-resistor",
      "id": "r1",
      "top": -4.8,
      "left": -10.15,
      "rotate": 90,
      "attrs": { "value": "1000" }
    },
    {
      "type": "wokwi-resistor",
      "id": "r2",
      "top": -4.8,
      "left": 18.65,
      "rotate": 90,
      "attrs": { "value": "1000" }
    },
    {
      "type": "wokwi-resistor",
      "id": "r3",
      "top": -4.8,
      "left": 47.45,
      "rotate": 90,
      "attrs": { "value": "1000" }
    },
    {
      "type": "wokwi-resistor",
      "id": "r4",
      "top": -4.8,
      "left": 76.25,
      "rotate": 90,
      "attrs": { "value": "1000" }
    },
    {
      "type": "wokwi-resistor",
      "id": "r5",
      "top": -4.8,
      "left": 105.05,
      "rotate": 90,
      "attrs": { "value": "1000" }
    },
    {
      "type": "wokwi-resistor",
      "id": "r6",
      "top": -4.8,
      "left": 133.85,
      "rotate": 90,
      "attrs": { "value": "1000" }
    },
    {
      "type": "wokwi-pushbutton-6mm",
      "id": "btn2",
      "top": -75.8,
      "left": 301.6,
      "rotate": 90,
      "attrs": { "color": "green", "xray": "1" }
    },
    {
      "type": "wokwi-pushbutton-6mm",
      "id": "btn1",
      "top": -75.8,
      "left": 330.4,
      "rotate": 90,
      "attrs": { "color": "green", "xray": "1" }
    }
  ],
  "connections": [
    [ "uno:GND.1", "bb1:bn.18", "black", [ "v0" ] ],
    [ "uno:1", "led6:A", "green", [ "v-134.4", "h-63" ] ],
    [ "uno:2", "led5:A", "green", [ "v0" ] ],
    [ "uno:3", "led4:A", "green", [ "v0" ] ],
    [ "uno:4", "led3:A", "green", [ "v0" ] ],
    [ "uno:5", "led2:A", "green", [ "v0" ] ],
    [ "uno:6", "led1:A", "green", [ "v0" ] ],
    [ "uno:5V", "bb1:bp.10", "red", [ "h-226.6", "v-259.3", "h87.2" ] ],
    [ "led1:A", "bb1:17b.f", "", [ "$bb" ] ],
    [ "led1:C", "bb1:16b.f", "", [ "$bb" ] ],
    [ "led2:A", "bb1:20b.f", "", [ "$bb" ] ],
    [ "led2:C", "bb1:19b.f", "", [ "$bb" ] ],
    [ "led3:A", "bb1:23b.f", "", [ "$bb" ] ],
    [ "led3:C", "bb1:22b.f", "", [ "$bb" ] ],
    [ "led4:A", "bb1:26b.f", "", [ "$bb" ] ],
    [ "led4:C", "bb1:25b.f", "", [ "$bb" ] ],
    [ "led5:A", "bb1:29b.f", "", [ "$bb" ] ],
    [ "led5:C", "bb1:28b.f", "", [ "$bb" ] ],
    [ "led6:A", "bb1:32b.f", "", [ "$bb" ] ],
    [ "led6:C", "bb1:31b.f", "", [ "$bb" ] ],
    [ "r1:1", "bb1:16b.h", "", [ "$bb" ] ],
    [ "r1:2", "bb1:bn.12", "", [ "$bb" ] ],
    [ "r2:1", "bb1:19b.h", "", [ "$bb" ] ],
    [ "r2:2", "bb1:bn.15", "", [ "$bb" ] ],
    [ "r3:1", "bb1:22b.h", "", [ "$bb" ] ],
    [ "r3:2", "bb1:bn.17", "", [ "$bb" ] ],
    [ "r4:1", "bb1:25b.h", "", [ "$bb" ] ],
    [ "r4:2", "bb1:bn.20", "", [ "$bb" ] ],
    [ "r5:1", "bb1:28b.h", "", [ "$bb" ] ],
    [ "r5:2", "bb1:bn.22", "", [ "$bb" ] ],
    [ "r6:1", "bb1:31b.h", "", [ "$bb" ] ],
    [ "r6:2", "bb1:bn.25", "", [ "$bb" ] ],
    [ "btn1:1.l", "bb1:51t.e", "", [ "$bb" ] ],
    [ "btn1:2.l", "bb1:49t.e", "", [ "$bb" ] ],
    [ "btn1:1.r", "bb1:51b.f", "", [ "$bb" ] ],
    [ "btn1:2.r", "bb1:49b.f", "", [ "$bb" ] ],
    [ "btn2:1.l", "bb1:48t.e", "", [ "$bb" ] ],
    [ "btn2:2.l", "bb1:46t.e", "", [ "$bb" ] ],
    [ "btn2:1.r", "bb1:48b.f", "", [ "$bb" ] ],
    [ "btn2:2.r", "bb1:46b.f", "", [ "$bb" ] ],
    [ "uno:8", "bb1:51b.j", "green", [ "v115.2", "h278.8", "v-211.2" ] ],
    [ "uno:9", "bb1:48b.j", "green", [ "v153.6", "h192.8" ] ],
    [ "bb1:46b.j", "bb1:bn.37", "green", [ "v0" ] ],
    [ "bb1:49b.j", "bb1:bn.40", "green", [ "v0" ] ]
  ],
  "dependencies": {}
}